DROP TABLE IF EXISTS `categories`;

CREATE TABLE `categories` (
  `id` int(11) unsigned NOT NULL ,
  `parentId` int(11) unsigned NOT NULL,
  `displayable` int(11) NOT NULL DEFAULT '0',
  `name` varchar(256) NOT NULL DEFAULT '',
  `description` varchar(255) NOT NULL DEFAULT '') ENGINE=InnoDB ;

INSERT INTO `categories` VALUES (1,0,1,'Root','Root category for categories without parents'),(2,1,0,'Un Categorised','Category for all items without categories'),(3,1,1,'Printery',''),(4,1,1,'Stationery',''),(5,1,1,'Air Time',''),(6,1,1,'Internet',''),(7,5,1,'Mtn',''),(8,5,1,'Vodacom',''),(9,5,1,'Cell C',''),(14,1,1,'Merchandise',''),(17,1,0,'computer',''),(18,1,0,'computers','computers'),(19,1,1,'Phones','Phone apps installation'),(20,1,1,'Web',''),(21,1,1,'Photos','');

DROP TABLE IF EXISTS `categoryitems`;

CREATE TABLE `categoryitems` (
  `id` int(11) unsigned NOT NULL ,
  `categoryId` int(10) unsigned NOT NULL,
  `itemId` int(10) unsigned NOT NULL,) ENGINE=InnoDB ;

INSERT INTO `categoryitems` VALUES (1,2,1),(2,3,1),(3,2,1),(4,2,2),(5,3,2),(6,2,3),(7,3,3),(8,2,3),(9,3,3),(10,2,4),(11,3,4),(12,2,4),(13,3,4),(14,2,4),(15,3,4),(16,2,5),(17,3,5),(18,2,6),(19,3,6),(20,2,6),(21,3,6),(22,2,7),(23,3,7),(24,2,7),(25,3,7),(26,2,7),(27,3,7),(28,2,9),(29,3,9),(30,2,9),(31,3,9),(32,2,9),(33,3,9),(34,2,9),(35,3,9),(36,2,10),(37,3,10),(38,2,10),(39,3,10),(40,2,10),(41,3,10),(42,2,10),(43,3,10),(44,2,10),(45,3,10),(46,2,11),(47,3,11),(48,2,11),(49,3,11),(50,2,11),(51,3,11),(52,2,11),(53,3,11),(54,2,11),(55,3,11),(56,2,11),(57,3,11),(58,2,12),(59,3,12),(60,2,12),(61,3,12),(62,2,12),(63,3,12),(64,2,12),(65,3,12),(66,2,12),(67,3,12),(68,2,12),(69,3,12),(70,2,12),(71,3,12),(72,2,13),(73,3,13),(74,2,13),(75,3,13),(76,2,13),(77,3,13),(78,2,13),(79,3,13),(80,2,13),(81,3,13),(82,2,13),(83,3,13),(84,2,13),(85,3,13),(86,2,13),(87,3,13),(88,2,14),(89,3,14),(90,2,14),(91,3,14),(92,2,14),(93,3,14),(94,2,14),(95,3,14),(96,2,14),(97,3,14),(98,2,14),(99,3,14),(100,2,14),(101,3,14),(102,2,14),(103,3,14),(104,2,14),(105,3,14),(106,2,15),(107,3,15),(108,2,15),(109,3,15),(110,2,15),(111,3,15),(112,2,15),(113,3,15),(114,2,15),(115,3,15),(116,2,15),(117,3,15),(118,2,15),(119,3,15),(120,2,15),(121,3,15),(122,2,15),(123,3,15),(124,2,15),(125,3,15),(148,2,17),(149,3,17),(150,2,17),(151,3,17),(152,2,17),(153,3,17),(154,2,17),(155,3,17),(156,2,17),(157,3,17),(158,2,17),(159,3,17),(160,2,17),(161,3,17),(162,2,17),(163,3,17),(164,2,17),(165,3,17),(166,2,17),(167,3,17),(168,2,17),(169,3,17),(170,2,17),(171,3,17),(172,2,18),(173,3,18),(174,2,18),(175,3,18),(176,2,18),(177,3,18),(178,2,18),(179,3,18),(180,2,18),(181,3,18),(182,2,18),(183,3,18),(184,2,18),(185,3,18),(186,2,18),(187,3,18),(188,2,18),(189,3,18),(190,2,18),(191,3,18),(192,2,18),(193,3,18),(194,2,18),(195,3,18),(196,2,18),(197,3,18),(198,2,19),(199,3,19),(200,2,19),(201,3,19),(202,2,19),(203,3,19),(204,2,19),(205,3,19),(206,2,19),(207,3,19),(208,2,19),(209,3,19),(210,2,19),(211,3,19),(212,2,19),(213,3,19),(214,2,19),(215,3,19),(216,2,19),(217,3,19),(218,2,19),(219,3,19),(220,2,19),(221,3,19),(222,2,19),(223,3,19),(224,2,19),(225,3,19),(226,2,20),(227,3,20),(228,2,20),(229,3,20),(230,2,20),(231,3,20),(232,2,20),(233,3,20),(234,2,20),(235,3,20),(236,2,20),(237,3,20),(238,2,20),(239,3,20),(240,2,20),(241,3,20),(242,2,20),(243,3,20),(244,2,20),(245,3,20),(246,2,20),(247,3,20),(248,2,20),(249,3,20),(250,2,20),(251,3,20),(252,2,20),(253,3,20),(254,2,20),(255,3,20),(256,2,21),(257,3,21),(258,2,21),(259,3,21),(260,2,21),(261,3,21),(262,2,21),(263,3,21),(264,2,21),(265,3,21),(266,2,21),(267,3,21),(268,2,21),(269,3,21),(270,2,21),(271,3,21),(272,2,21),(273,3,21),(274,2,21),(275,3,21),(276,2,21),(277,3,21),(278,2,21),(279,3,21),(280,2,21),(281,3,21),(282,2,21),(283,3,21),(284,2,21),(285,3,21),(286,2,21),(287,3,21),(616,2,30),(617,7,30),(618,2,30),(619,2,31),(620,7,31),(621,2,31),(622,2,31),(623,7,31),(624,2,32),(625,7,32),(626,2,32),(627,2,32),(628,7,32),(629,2,32),(630,7,32),(640,2,34),(641,7,34),(642,2,34),(643,2,34),(644,7,34),(645,2,34),(646,7,34),(647,2,34),(648,7,34),(660,2,36),(661,7,36),(662,2,36),(663,2,36),(664,7,36),(665,2,36),(666,7,36),(667,2,36),(668,7,36),(669,2,36),(670,7,36),(671,2,36),(672,7,36),(673,2,35),(674,7,35),(675,2,37),(676,8,37),(677,2,38),(678,8,38),(679,2,38),(680,8,38),(681,2,39),(682,8,39),(683,2,39),(684,8,39),(685,2,39),(686,8,39),(687,2,40),(688,8,40),(689,2,40),(690,8,40),(691,2,40),(692,8,40),(693,2,40),(694,8,40),(695,2,41),(696,8,41),(697,2,41),(698,8,41),(699,2,41),(700,8,41),(701,2,41),(702,8,41),(703,2,41),(704,8,41),(705,2,42),(706,8,42),(707,2,42),(708,8,42),(709,2,42),(710,8,42),(711,2,42),(712,8,42),(713,2,42),(714,8,42),(715,2,42),(716,8,42),(717,2,43),(718,8,43),(719,2,43),(720,8,43),(721,2,43),(722,8,43),(723,2,43),(724,8,43),(725,2,43),(726,8,43),(727,2,43),(728,8,43),(729,2,43),(730,9,43),(747,2,45),(748,8,45),(749,2,45),(750,8,45),(751,2,45),(752,8,45),(753,2,45),(754,8,45),(755,2,45),(756,8,45),(757,2,45),(758,8,45),(759,2,45),(760,9,45),(761,2,45),(762,9,45),(781,2,46),(782,9,46),(783,2,47),(784,9,47),(785,2,48),(786,9,48),(787,2,49),(788,9,49),(789,2,49),(790,9,49),(791,2,52),(793,2,53),(795,2,53),(797,2,54),(798,4,54),(799,2,55),(800,4,55),(801,2,55),(802,4,55),(803,2,56),(804,4,56),(805,2,56),(806,4,56),(807,2,56),(808,4,56),(809,2,57),(810,4,57),(811,2,59),(812,4,59),(813,2,59),(814,2,59),(815,2,59),(816,2,60),(817,4,60),(818,2,60),(819,2,60),(820,2,60),(821,2,60),(822,2,61),(823,4,61),(828,2,63),(829,4,63),(830,2,63),(831,4,63),(832,2,63),(833,4,63),(838,2,62),(839,4,62),(888,2,73),(889,14,73),(1558,2,113),(1600,2,119),(1602,2,119),(1604,2,119),(1606,2,119),(1608,2,119),(1610,2,119),(1612,2,119),(1647,2,89),(1648,14,89),(1649,2,89),(1650,2,92),(1652,2,87),(1653,14,87),(1654,2,86),(1655,14,86),(1660,2,91),(1662,2,83),(1663,14,83),(1664,2,82),(1665,14,82),(1666,2,79),(1668,2,121),(1694,2,74),(1696,2,77),(1698,2,78),(1700,2,80),(1702,2,71),(1703,14,71),(1706,2,70),(1707,14,70),(1708,2,131),(1709,6,131),(1710,2,131),(1711,2,90),(1715,2,75),(1717,2,76),(1719,2,81),(1721,2,88),(1723,2,64),(1724,4,64),(1729,2,134),(1731,2,135),(1733,2,136),(1735,2,137),(1737,2,138),(1741,2,66),(1743,2,67),(1745,2,139),(1747,2,140),(1748,3,140),(1753,2,143),(1754,3,143),(1757,2,145),(1758,4,145),(1765,2,96),(1767,2,97),(1769,2,98),(1773,2,100),(1779,2,103),(1781,2,104),(1783,2,105),(1785,2,102),(1787,2,107),(1789,2,108),(1791,2,106),(1793,2,111),(1795,2,124),(1801,2,125),(1803,2,128),(1807,2,133),(1809,2,122),(1811,2,120),(1813,2,116),(1815,2,109),(1817,2,110),(1819,2,115),(1821,2,114),(1823,2,112),(1825,2,101),(1827,2,117),(1829,2,94),(1831,2,93),(1833,2,95),(1837,2,144),(1839,2,84),(1841,2,85),(1843,2,147),(1847,2,118),(1849,2,123),(1851,2,148),(1853,2,149),(1855,2,150),(1857,2,151),(1859,2,152),(1861,2,153),(1862,14,153),(1863,2,154),(1865,2,155),(1867,2,156),(1868,3,156),(1869,2,157),(1870,3,157),(1871,2,69),(1873,2,72),(1874,14,72),(1880,2,65),(1881,4,65),(1884,2,126),(1886,2,159),(1887,4,159),(1892,2,162),(1893,4,162),(1894,2,163),(1895,4,163),(1898,2,165),(1900,2,166),(1902,2,167),(1904,2,168),(1906,2,169),(1908,2,170),(1912,2,172),(1913,4,172),(1916,2,176),(1917,6,176),(1918,2,177),(1920,2,178),(1922,2,179),(1923,3,179),(1924,2,180),(1925,3,180),(1926,2,181),(1927,3,181),(1928,2,182),(1929,3,182),(1932,2,23),(1933,3,23),(1934,2,22),(1935,3,22),(1938,2,16),(1939,3,16),(1940,2,185),(1941,3,185),(1942,2,24),(1943,6,24),(1944,2,25),(1945,6,25),(1946,2,26),(1947,6,26),(1950,2,29),(1951,6,29),(1952,2,28),(1953,6,28),(1954,2,141),(1955,3,141),(1956,2,142),(1957,3,142),(1958,2,158),(1959,4,158),(1960,2,164),(1961,3,164),(1962,2,171),(1963,3,171),(1964,2,183),(1965,3,183),(1966,2,186),(1967,19,186),(1968,2,27),(1969,6,27),(1970,2,187),(1971,20,187),(1972,2,188),(1973,19,188),(1974,2,189),(1975,19,189),(1976,2,190),(1977,3,190),(1978,2,191),(1979,21,191),(1982,2,194),(1983,4,194),(1984,2,195),(1985,3,195),(1986,2,192),(1987,21,192),(1988,2,196),(1989,6,196),(1990,2,197),(1991,21,197);

DROP TABLE IF EXISTS `costpricehistory`;

CREATE TABLE `costpricehistory` (
  `id` int(11) unsigned NOT NULL ,
  `suplierId` int(11) NOT NULL,
  `stockId` int(11) NOT NULL,
  `dateCreated` varchar(50) NOT NULL DEFAULT '',
  `costPrice` varchar(50) NOT NULL DEFAULT '',) ENGINE=InnoDB ;

INSERT INTO `costpricehistory` VALUES (1,1,1,'2017-01-22T04:39:39.655','4.75'),(2,1,2,'2017-01-22T04:40:40.206','9.75'),(3,1,3,'2017-01-22T04:41:36.795','14.75'),(4,1,4,'2017-01-22T04:42:33.731','29.75'),(5,1,5,'2017-01-22T04:43:44.630','59.75'),(6,1,6,'2017-01-22T04:44:47.384','179.75'),(7,1,7,'2017-01-22T04:47:31.503','4.75'),(8,1,8,'2017-01-22T04:48:18.457','9.75'),(9,1,9,'2017-01-22T04:49:23.362','11.75'),(10,1,10,'2017-01-22T04:50:28.229','28.75'),(11,1,11,'2017-01-22T04:51:22.826','54.75'),(12,1,12,'2017-01-22T04:52:31.543','109.75'),(13,1,13,'2017-01-22T04:53:59.030','4.75'),(14,1,14,'2017-01-22T04:55:02.621','9.75'),(15,1,15,'2017-01-22T04:55:59.020','19.75'),(16,1,16,'2017-01-22T04:57:59.453','24.75'),(17,1,17,'2017-01-22T04:59:26.016','29.75'),(18,1,18,'2017-01-22T05:00:13.386','34.75'),(19,1,19,'2017-01-22T05:15:30.837','6.43'),(20,1,20,'2017-01-22T05:17:03.013','6.43'),(21,2,21,'2017-01-22T05:21:22.417','0.80'),(22,3,22,'2017-01-22T05:23:07.257','2.50'),(23,4,23,'2017-01-22T05:24:08.839','1.50'),(24,2,24,'2017-01-22T05:29:01.977','2.00'),(25,2,25,'2017-01-22T05:30:02.608','4.50'),(26,2,26,'2017-01-22T05:33:04.581','5.00'),(27,2,27,'2017-01-22T05:33:45.552','5.00'),(28,2,28,'2017-01-22T05:34:47.773','5.00'),(29,2,27,'2017-01-22T05:35:47.908','3.50'),(30,2,29,'2017-01-22T05:38:42.228','1.00'),(31,2,30,'2017-01-22T05:39:38.188','1.00'),(32,4,31,'2017-01-22T05:41:29.672','0.25'),(33,4,32,'2017-01-22T05:42:57.424','0.40'),(34,4,33,'2017-01-22T05:44:24.099','0.80'),(35,7,34,'2017-01-22T05:46:56.079','2.00'),(36,8,35,'2017-01-22T05:48:23.065','0.20'),(37,8,36,'2017-01-22T05:49:20.114','4.00'),(38,2,37,'2017-01-22T06:14:23.013','0.35'),(39,7,38,'2017-01-22T06:15:43.083','3.00'),(40,7,39,'2017-01-22T06:17:18.425','2.00'),(41,7,40,'2017-01-22T06:18:53.435','1.20'),(42,7,41,'2017-01-22T06:19:58.925','1.50'),(43,7,42,'2017-01-22T06:20:53.558','1.50'),(44,7,43,'2017-01-22T06:22:20.816','2.50'),(45,7,44,'2017-01-22T06:23:04.339','3.70'),(46,7,45,'2017-01-22T06:24:12.700','3.70'),(47,7,46,'2017-01-22T06:25:24.458','3.50'),(48,7,47,'2017-01-22T06:26:59.636','2.10'),(49,4,48,'2017-01-22T06:28:26.339','23.10'),(50,4,49,'2017-01-22T06:30:19.713','11.23'),(51,4,50,'2017-01-22T06:34:19.393','0.44'),(52,1,51,'2017-01-22T06:35:25.110','4.40'),(53,9,52,'2017-01-22T06:38:26.853','8.15'),(54,7,53,'2017-01-22T06:39:28.910','3.70'),(55,4,54,'2017-01-22T06:40:54.936','15.80'),(56,9,55,'2017-01-22T06:42:07.815','4.60'),(57,9,56,'2017-01-22T06:43:00.609','6.00'),(58,1,57,'2017-01-22T06:47:46.068','34.47'),(59,10,58,'2017-01-22T06:50:29.186','34.47'),(60,10,59,'2017-01-22T06:51:15.303','34.47'),(61,10,60,'2017-01-22T06:52:32.415','34.47'),(62,10,61,'2017-01-22T06:54:32.983','34.37'),(63,10,62,'2017-01-22T06:55:48.543','34.47'),(65,10,64,'2017-01-22T06:57:53.903','34.47'),(66,10,65,'2017-01-22T06:59:57.540','34.47'),(67,10,66,'2017-01-22T07:01:59.241','48.23'),(68,10,67,'2017-01-22T07:03:02.894','31.73'),(69,10,68,'2017-01-22T07:03:51.443','31.73'),(70,10,69,'2017-01-22T07:04:50.627','31.73'),(71,10,70,'2017-01-22T07:05:59.240','31.73'),(72,10,71,'2017-01-22T07:07:08.541','31.73'),(73,10,72,'2017-01-22T07:08:34.014','31.73'),(74,10,73,'2017-01-22T07:10:06.398','29.00'),(75,10,74,'2017-01-22T07:11:27.055','29.00'),(76,10,75,'2017-01-22T07:12:48.096','24.00'),(77,10,76,'2017-01-22T07:14:11.695','22.18'),(78,10,75,'2017-01-22T07:14:48.410','22.18'),(79,10,77,'2017-01-22T07:15:50.847','22.18'),(80,10,78,'2017-01-22T07:17:24.634','28.10'),(81,10,79,'2017-01-22T07:18:32.350','28.18'),(82,10,80,'2017-01-22T07:19:47.874','15.84'),(83,10,81,'2017-01-22T07:20:38.076','11.00'),(84,10,82,'2017-01-22T07:21:55.649','15.50'),(85,10,83,'2017-01-22T07:23:46.429','28.00'),(86,10,84,'2017-01-22T07:25:16.349','24.00'),(87,8,85,'2017-01-22T07:43:56.049','28.00'),(88,10,86,'2017-01-22T07:45:42.130','344.66'),(89,10,87,'2017-01-22T07:47:22.953','482.57'),(90,10,88,'2017-01-22T07:48:17.758','317.25'),(91,10,89,'2017-01-22T07:49:56.500','317.28'),(92,10,90,'2017-01-22T07:51:34.136','150.00'),(94,10,92,'2017-01-22T07:53:57.015','317.28'),(95,2,29,'2017-02-11T09:09:15.406','0.97'),(96,4,49,'2017-02-11T09:32:55.276','7.20'),(97,10,93,'2017-02-11T09:39:00.027','1.32'),(98,9,94,'2017-02-11T09:41:41.903','7.90'),(99,9,95,'2017-02-11T09:43:00.204','7.90'),(100,4,96,'2017-02-11T09:45:34.967','6.00'),(101,9,97,'2017-02-11T09:49:29.560','11.50'),(102,9,98,'2017-02-11T09:51:49.560','11.50'),(103,8,99,'2017-02-11T10:00:51.964','0.92'),(104,10,100,'2017-02-11T10:13:06.570','31.70'),(105,2,101,'2017-02-11T10:14:57.072','3.40'),(106,1,57,'2017-02-28T07:53:30.403','35.85'),(107,10,59,'2017-02-28T07:57:55.227','35.85'),(108,10,58,'2017-02-28T08:00:37.854','35.85'),(109,10,60,'2017-02-28T08:02:12.456','35.85'),(110,10,61,'2017-02-28T08:03:03.799','35.85'),(111,10,62,'2017-02-28T08:03:30.604','35.85'),(113,10,64,'2017-02-28T08:04:28.840','35.85'),(114,10,67,'2017-02-28T08:12:34.040','33.11'),(115,10,68,'2017-02-28T08:13:17.869','33.11'),(116,10,69,'2017-02-28T08:13:51.609','33.11'),(117,10,66,'2017-02-28T08:17:11.875','50.08'),(118,10,71,'2017-02-28T08:18:30.307','33.11'),(119,10,72,'2017-02-28T08:19:00.141','33.11'),(120,10,70,'2017-02-28T08:19:26.312','33.11'),(121,10,75,'2017-02-28T08:21:56.771','24.07'),(122,10,88,'2017-02-28T08:25:58.736','331.15'),(123,10,87,'2017-02-28T08:27:48.863','500.87'),(124,10,89,'2017-02-28T08:29:02.143','331.15'),(125,10,92,'2017-02-28T08:30:53.224','331.15'),(127,10,93,'2017-02-28T08:32:13.916','1.82'),(128,10,86,'2017-02-28T08:33:54.114','358.52'),(129,10,84,'2017-02-28T08:35:55.291','25.30'),(130,10,80,'2017-02-28T08:39:34.948','16.77'),(131,10,73,'2017-02-28T08:47:06.976','28.02'),(132,10,74,'2017-02-28T08:48:00.995','28.02'),(133,10,78,'2017-02-28T08:52:53.867','29.00'),(134,10,76,'2017-02-28T08:53:42.568','24.07'),(135,10,65,'2017-02-28T08:54:41.658','35.85'),(136,10,81,'2017-02-28T08:59:40.633','12.00'),(137,10,100,'2017-02-28T09:13:12.654','33.11'),(138,4,48,'2017-02-28T09:21:19.089','21.49'),(139,4,49,'2017-02-28T09:23:39.428','6.91'),(140,10,102,'2017-02-28T09:33:42.570','18.17'),(141,10,90,'2017-03-09T15:11:01.059','158.00'),(142,10,82,'2017-03-09T15:12:24.488','16.80'),(143,1,103,'2017-05-10T13:27:01.133','7.00'),(144,4,104,'2017-05-10T13:28:46.670','8.16'),(145,4,105,'2017-05-10T13:29:55.571','8.16'),(146,4,106,'2017-05-10T13:31:15.022','8.16'),(147,4,107,'2017-05-10T13:32:46.732','8.16'),(148,4,108,'2017-05-10T13:35:28.957','1.00'),(149,8,109,'2017-05-10T13:38:34.401','7.00'),(150,8,110,'2017-05-10T13:49:02.975','0.35'),(151,2,111,'2017-05-26T09:43:44.943','0.40'),(152,10,90,'2017-06-12T08:11:29.373','163.00'),(153,13,112,'2017-06-12T08:53:51.034','4.70'),(154,13,113,'2017-06-12T08:57:34.393','1.75'),(155,13,114,'2017-06-12T09:01:02.591','1.91'),(156,4,115,'2017-12-19T08:41:33.634','8.70'),(157,4,116,'2017-12-19T08:43:18.153','8.70'),(158,12,117,'2017-12-19T08:45:30.463','6.00'),(159,11,118,'2017-12-19T08:47:50.158','4.30'),(160,4,119,'2017-12-19T09:56:00.829','8.50'),(161,4,120,'2017-12-19T09:56:51.721','8.50'),(162,2,121,'2017-12-20T11:06:48.278','0.70'),(163,12,122,'2018-09-05T07:42:24.350','5.00'),(164,14,123,'2018-12-08T17:02:45.647','5.00'),(165,14,124,'2019-03-06T08:59:22.256','5.00');

DROP TABLE IF EXISTS `debtpayments`;

CREATE TABLE `debtpayments` (
  `id` int(11) unsigned NOT NULL ,
  `userAccountId` int(11) unsigned NOT NULL,
  `shiftId` int(11) unsigned NOT NULL,
  `dateCreated` varchar(50) NOT NULL DEFAULT '',
  `tendered` varchar(50) NOT NULL DEFAULT '',) ENGINE=InnoDB ;

INSERT INTO `debtpayments` VALUES (1,3,7,'2017-01-25T08:21:47.640','30'),(2,3,7,'2017-01-25T08:24:32.359','20'),(3,3,7,'2017-01-25T08:31:48.296','8'),(4,7,45,'2017-03-06T12:55:47.609','50'),(5,8,46,'2017-03-07T11:28:39.218','10'),(6,10,58,'2017-03-22T14:19:11.234','40'),(7,11,61,'2017-03-25T12:40:50.548','100'),(8,12,62,'2017-03-27T08:15:14.052','100'),(9,15,82,'2017-04-21T12:37:44.408','100'),(10,14,94,'2017-05-04T15:45:08.317','100'),(11,7,107,'2017-05-19T10:15:11.818','1'),(12,18,109,'2017-05-22T16:41:38.111','100'),(13,19,114,'2017-05-26T12:23:42.113','100'),(14,9,133,'2017-06-19T09:08:07.006','1000'),(15,16,133,'2017-06-19T09:08:50.928','200'),(16,14,134,'2017-06-20T11:54:06.111','6'),(17,9,137,'2017-06-23T11:30:04.960','1000'),(18,17,141,'2017-06-27T09:49:33.484','100'),(19,11,143,'2017-06-28T10:10:43.448','24'),(20,19,143,'2017-06-28T13:54:07.198','100'),(21,14,144,'2017-06-29T09:26:27.105','300'),(22,22,144,'2017-06-29T10:06:00.935','10'),(23,22,147,'2017-07-03T11:50:51.206','159'),(24,11,155,'2017-07-11T12:21:57.854','100'),(25,11,155,'2017-07-11T12:26:11.307','100'),(26,18,156,'2017-07-12T12:11:40.238','60'),(27,14,166,'2017-07-22T11:26:01.703','200'),(28,18,183,'2017-08-12T09:14:38.626','20'),(29,23,186,'2017-08-16T09:35:24.613','200'),(30,19,187,'2017-08-17T11:28:52.089','100'),(31,25,198,'2017-08-29T12:16:24.695','100'),(32,20,201,'2017-09-01T11:58:25.870','150'),(33,26,201,'2017-09-01T12:32:01.791','30'),(34,19,206,'2017-09-05T10:18:48.625','100'),(35,24,214,'2017-09-14T15:00:09.607','200'),(36,16,226,'2017-09-26T16:25:37.661','300'),(37,16,236,'2017-10-06T17:33:12.665','290'),(38,28,238,'2017-10-10T11:01:53.633','200'),(39,27,240,'2017-10-12T14:29:15.875','100'),(40,16,286,'2017-12-04T17:27:04.665','50'),(41,19,300,'2017-12-21T17:21:32.094','185'),(42,11,302,'2017-12-28T12:07:10.329','75'),(43,16,333,'2018-02-01T12:26:38.031','100'),(44,19,345,'2018-02-12T12:11:15.464','5'),(45,19,369,'2018-03-09T12:16:51.312','100'),(46,19,392,'2018-04-12T10:30:32.601','21'),(47,33,527,'2018-09-08T12:50:48.078','100'),(48,33,529,'2018-09-11T15:51:10.864','100'),(49,34,535,'2018-09-17T17:31:22.154','100'),(50,35,541,'2018-09-20T17:00:15.420','100');

DROP TABLE IF EXISTS `employeeaccounts`;

CREATE TABLE `employeeaccounts` (
  `id` int(11) unsigned NOT NULL ,
  `userAccountId` int(11) unsigned NOT NULL,
  `userName` varchar(100) NOT NULL DEFAULT '',
  `password` varchar(100) NOT NULL DEFAULT '',
  `type` varchar(100) NOT NULL,) ENGINE=InnoDB ;

INSERT INTO `employeeaccounts` VALUES (1,3,'jeffseka','1','');

DROP TABLE IF EXISTS `items`;

CREATE TABLE `items` (
  `id` int(11) unsigned NOT NULL ,
  `taxId` int(11) NOT NULL,
  `itemTypeId` int(11) DEFAULT NULL,
  `measuringUnitId` int(11) NOT NULL,
  `barCode` varchar(50) NOT NULL DEFAULT '',
  `description` varchar(255) NOT NULL,
  `salePrice` varchar(50) NOT NULL DEFAULT '',
  `dateCreated` varchar(50) NOT NULL DEFAULT '',
  `status` varchar(50) NOT NULL DEFAULT '') ENGINE=InnoDB ;

INSERT INTO `items` VALUES (1,25,2,2,'200','Copy A4 B/W','1.00','2017-01-22T03:50:17.222','active'),(2,25,2,2,'212','Copy A3 B/W','2.00','2017-01-22T03:56:20.606','active'),(3,25,2,2,'214','Copy A4 Color','7.00','2017-01-22T03:59:06.409','active'),(4,25,2,2,'213','Copy A3 Color','14.00','2017-01-22T04:00:22.365','active'),(5,25,2,2,'208','Printout A4 B/W','2.00','2017-01-22T04:06:40.933','active'),(6,25,2,2,'210','Printout A3 B/W','4.00','2017-01-22T04:08:37.734','active'),(7,25,2,2,'209','Printout A4 Color','7.00','2017-01-22T04:10:22.021','active'),(9,25,2,2,'211','Printout A3 Color','14.00','2017-01-22T04:12:02.073','active'),(10,25,2,2,'202','Typing ','10.00','2017-01-22T04:14:27.058','active'),(11,25,2,2,'203','Typing','15.00','2017-01-22T04:15:10.800','active'),(12,25,2,2,'201','Typing','5.00','2017-01-22T04:16:10.349','active'),(13,25,2,2,'204','Typing','25.00','2017-01-22T04:17:00.677','active'),(14,25,2,2,'205','Typing ','40.00','2017-01-22T04:18:43.104','active'),(15,25,2,2,'206','Typing','50.00','2017-01-22T04:19:24.438','active'),(16,25,2,2,'207','Businesscard Design','120.00','2017-01-22T04:21:15.039','active'),(17,25,2,2,'9992018-11-01T16:01:41.515','100s','100.00','2017-01-22T04:24:10.965','deleted'),(18,25,2,2,'215','Lamination A4','6.00','2017-01-22T04:27:50.278','active'),(19,25,2,2,'216','Lamination A3','12.00','2017-01-22T04:28:20.386','active'),(20,25,2,2,'2172018-11-01T15:54:47.678','Scan','3.00','2017-01-22T04:28:58.453','deleted'),(21,25,2,2,'218','Scan & Email','5.00','2017-01-22T04:29:31.734','active'),(22,25,2,2,'219','Fax LLine','8.00','2017-01-22T04:30:07.913','active'),(23,25,2,2,'220','Fax 086','10.00','2017-01-22T04:30:46.608','active'),(24,25,2,2,'2212018-11-01T16:02:53.790','5 Mins','5.00','2017-01-22T04:31:28.312','deleted'),(25,25,2,2,'222','15 Mins','5.00','2017-01-22T04:31:57.476','active'),(26,25,2,2,'223','30 Mins','7.00','2017-01-22T04:32:55.236','active'),(27,25,2,2,'224','1 Hrs','10.00','2017-01-22T04:33:37.933','active'),(28,25,2,2,'225','4 Hrs','30.00','2017-01-22T04:34:18.180','active'),(29,25,2,4,'226','8 Hrs','50.00','2017-01-22T04:35:09.821','active'),(30,25,1,3,'500','MTN 5','6.00','2017-01-22T04:39:39.608','active'),(31,25,1,3,'501','MTN 10','11.00','2017-01-22T04:40:40.191','active'),(32,25,1,3,'503','MTN 15','16.00','2017-01-22T04:41:36.748','active'),(34,25,1,3,'504','MTN 30','31.00','2017-01-22T04:42:33.700','active'),(35,25,1,3,'505','MTN 60','61.00','2017-01-22T04:43:44.583','deleted'),(36,25,1,3,'506','MTN 180','181.00','2017-01-22T04:44:47.331','active'),(37,25,1,3,'507','VODA 5','6.00','2017-01-22T04:47:31.487','active'),(38,25,1,3,'508','VODA  10','11.00','2017-01-22T04:48:18.424','active'),(39,25,1,3,'509','VODA 12','13.00','2017-01-22T04:49:23.237','active'),(40,25,1,3,'510','VODA 29','30.00','2017-01-22T04:50:28.207','active'),(41,25,1,3,'511','VODA','56.00','2017-01-22T04:51:22.773','active'),(42,25,1,3,'512','VODA','111.00','2017-01-22T04:52:31.490','active'),(43,25,1,3,'513','CellC 5','6.00','2017-01-22T04:53:58.976','active'),(45,25,1,3,'514','CellC 10','11.00','2017-01-22T04:55:02.554','active'),(46,25,1,3,'515','CellC 20','21.00','2017-01-22T04:55:58.951','active'),(47,25,1,3,'116','CellC 25','26.00','2017-01-22T04:57:59.438','active'),(48,25,1,3,'517','CellC 30','31.00','2017-01-22T04:59:26','active'),(49,25,1,3,'518','CellC 35','36.00','2017-01-22T05:00:13.370','active'),(52,25,1,3,'1002018-11-01T16:06:13.314','Coca 440LT','9.00','2017-01-22T05:15:30.821','deleted'),(53,25,1,3,'1012018-11-01T16:06:16.809','Stoney 440LT','9.00','2017-01-22T05:17:02.992','deleted'),(54,25,1,3,'102','A4 Envlop','3.00','2017-01-22T05:21:22.386','active'),(55,25,1,3,'103','Hard paper A4','3.00','2017-01-22T05:23:07.242','active'),(56,25,1,3,'104','Empty CD','5.00','2017-01-22T05:24:08.714','active'),(57,25,2,3,'105','CD Writting','10.00','2017-01-22T05:25:56.822','active'),(59,25,1,3,'1062018-11-01T16:07:56.852','Exciese Book ','4.00','2017-01-22T05:29:01.930','deleted'),(60,25,1,3,'1072018-11-01T16:08:09.488','1 Quire','7.00','2017-01-22T05:30:02.586','deleted'),(61,25,1,3,'108','Black Ball Pen','7.00','2017-01-22T05:33:04.565','active'),(62,25,1,3,'109','Redball Pen','4.00','2017-01-22T05:33:45.536','active'),(63,25,1,3,'110','Greenball Pen','7.00','2017-01-22T05:34:47.742','active'),(64,25,1,3,'112','Pencils','1.50','2017-01-22T05:38:42.212','active'),(65,25,1,3,'113','rubber','4.50','2017-01-22T05:39:38.172','active'),(66,25,1,3,'1142018-11-01T16:24:51.509','sweets','0.40','2017-01-22T05:41:29.657','deleted'),(67,25,1,3,'1152018-11-01T16:24:56.969','sweet','0.60','2017-01-22T05:42:57.409','deleted'),(69,25,1,3,'1172018-11-01T16:25:00.370','Stick sweet','1.50','2017-01-22T05:44:24.068','deleted'),(70,25,1,3,'1182018-11-01T16:25:19.651','Razer BLADE','2.50','2017-01-22T05:46:56.047','deleted'),(71,25,1,3,'1192018-11-01T16:25:16.266','Rizlar','0.50','2017-01-22T05:48:23.028','deleted'),(72,25,1,3,'1202018-11-01T16:25:13.084','Rizlar packet','5.50','2017-01-22T05:49:20.083','deleted'),(73,25,1,3,'1212018-11-01T16:25:09.745','cups','0.70','2017-01-22T06:14:22.981','deleted'),(74,25,1,3,'600159902018-11-01T16:25:23.255','Med-Lem','4.00','2017-01-22T06:15:43.051','deleted'),(75,25,1,3,'6001106120772018-11-01T16:25:26.375','Disprn','3.00','2017-01-22T06:17:18.394','deleted'),(76,25,1,3,'600999832018-11-01T16:25:29.807','Gand P','2.00','2017-01-22T06:18:53.403','deleted'),(77,25,1,3,'6001206405242018-11-01T16:25:32.989','Comprl','3.00','2017-01-22T06:19:58.878','deleted'),(78,25,1,3,'600100012018-11-01T16:25:42.365','Panadol','2.50','2017-01-22T06:20:53.495','deleted'),(79,25,1,3,'600882912018-11-01T16:25:45.469','Eno Orag','3.50','2017-01-22T06:22:20.732','deleted'),(80,25,1,3,'600977362018-11-01T16:25:50.570','Zam-bk','5.00','2017-01-22T06:23:04.275','deleted'),(81,25,1,3,'616004162018-11-01T16:25:56.701','Vicks','5.00','2017-01-22T06:24:12.636','deleted'),(82,25,1,3,'6009655470372018-11-01T16:26:01.646','Toilet P','4.00','2017-01-22T06:25:24.342','deleted'),(83,25,1,3,'6009800970982018-11-01T16:26:04.564','Mamba Gl','3.50','2017-01-22T06:26:59.573','deleted'),(84,25,1,3,'6001697103032018-11-01T16:26:08.417','Boxer50g','23.50','2017-01-22T06:28:26.271','deleted'),(85,25,1,3,'6001697101012018-11-01T16:26:11.630','Bxer 12.5g','8.50','2017-01-22T06:30:19.594','deleted'),(86,25,1,3,'600697952018-11-01T16:26:16.045','matches Lse','1.00','2017-01-22T06:34:19.309','deleted'),(87,25,1,3,'6001064100112018-11-01T16:26:18.978','matchpck','6.00','2017-01-22T06:35:24.876','deleted'),(88,2,1,3,'6001134703302018-11-01T16:26:23.065','Stoney 500lt','11.00','2017-01-22T06:38:26.753','deleted'),(89,25,1,3,'6007013000302018-11-01T16:26:26.419','Trust CDM','5.00','2017-01-22T06:39:28.811','deleted'),(90,25,1,3,'5060466513052018-11-01T16:26:29.414','Play 440lt','17.00','2017-01-22T06:40:54.836','deleted'),(91,25,1,3,'904928532018-11-01T16:26:33.938','Bonaq 500lt','6.00','2017-01-22T06:42:07.631','deleted'),(92,25,1,3,'5449000107662018-11-01T16:26:36.918','Valpre 500lt','7.00','2017-01-22T06:43:00.493','deleted'),(93,25,1,3,'6001060496822018-11-01T16:26:43.158','Coutl Sft 20','39.00','2017-01-22T06:47:45.953','deleted'),(94,25,1,3,'6001237212822018-11-01T16:26:47.386','Singntre Ble20','39.00','2017-01-22T06:50:29.154','deleted'),(95,25,1,3,'6001335048822018-11-01T16:26:50.615','Conslt 20','39.00','2017-01-22T06:51:15.272','deleted'),(96,25,1,3,'6001060215822018-11-01T16:26:53.969','Coutly 20','39.00','2017-01-22T06:52:32.347','deleted'),(97,25,1,3,'6001237221822018-11-01T16:26:56.917','Dunhl menth20s','39.00','2017-01-22T06:54:32.935','deleted'),(98,25,1,3,'6001237211822018-11-01T16:26:59.694','masterBled','39.00','2017-01-22T06:55:48.496','deleted'),(100,25,1,3,'6001237072822018-11-01T16:27:06.917','Mills20','39.00','2017-01-22T06:57:53.872','deleted'),(101,25,1,3,'6001060536812018-11-01T16:27:10.365','Dnhl Switch 20','39.00','2017-01-22T06:59:57.509','deleted'),(102,25,1,3,'6001237012832018-11-01T16:27:14.467','PS 30S','53.00','2017-01-22T07:01:59.188','deleted'),(103,25,1,3,'6001237012822018-11-01T16:27:18.399','PS rd Sft 20','36.00','2017-01-22T07:03:02.816','deleted'),(104,25,1,3,'6001237010822018-11-01T16:27:22.735','ps rd hrd20','36.00','2017-01-22T07:03:51.364','deleted'),(105,25,1,3,'6001060360822018-11-01T16:27:25.434','Kent wt 20','36.00','2017-01-22T07:04:50.528','deleted'),(106,25,1,3,'6001060359822018-11-01T16:27:28.227','Kent Spcl 20','36.00','2017-01-22T07:05:59.140','deleted'),(107,25,1,3,'6001335065822018-11-01T16:27:31.300','Crave A20','36.00','2017-01-22T07:07:08.472','deleted'),(108,25,1,3,'6001335054822018-11-01T16:27:44.560','Rothmans 20','36.00','2017-01-22T07:08:33.935','deleted'),(109,25,1,3,'6001060756822018-11-01T16:27:47.602','ps switch rd20','31.00','2017-01-22T07:10:06.299','deleted'),(110,25,1,3,'6001060755822018-11-01T16:27:50.737','Ps Blu Swi 20','31.00','2017-01-22T07:11:26.971','deleted'),(111,25,1,3,'6001060563822018-11-01T16:27:54.107','Pa Mal rd20','26.50','2017-01-22T07:12:48.034','deleted'),(112,2,1,3,'6001060566822018-11-01T16:27:57.087','Pa Malblu20','26.50','2017-01-22T07:14:11.441','deleted'),(113,25,1,3,'6001060699822018-11-01T16:27:59.973','P Mal Colbost20','25.00','2017-01-22T07:15:50.776','deleted'),(114,25,1,3,'6001060586822018-11-01T16:28:03.264','ps mint 20','31.00','2017-01-22T07:17:24.587','deleted'),(115,25,1,3,'6001060588822018-11-01T16:28:05.979','PS Puse20','31.00','2017-01-22T07:18:32.247','deleted'),(116,25,1,3,'6001060313812018-11-01T16:28:10.003','ps red10','18.50','2017-01-22T07:19:47.836','deleted'),(117,25,1,3,'6001060562812018-11-01T16:28:18.599','Pa Mal red10','13.50','2017-01-22T07:20:37.998','deleted'),(118,25,1,3,'6009660560022018-11-01T16:28:21.579','vyger Gld20','19.00','2017-01-22T07:21:55.565','deleted'),(119,25,1,3,'460144502018-11-01T16:28:24.309','Blu Ice 20','30.00','2017-01-22T07:23:46.362','deleted'),(120,25,1,3,'6001060685822018-11-01T16:28:27.241','B&H 20','27.50','2017-01-22T07:25:16.247','deleted'),(121,25,1,3,'460144362018-11-01T16:28:30.065','Marboro gld20','30.00','2017-01-22T07:43:56.002','deleted'),(122,25,1,3,'6001060215322018-11-01T16:28:32.920','Coultly cartn','363.50','2017-01-22T07:45:42.099','deleted'),(123,25,1,3,'6001237012332018-11-01T16:28:35.884','PS red300','505.00','2017-01-22T07:47:22.938','deleted'),(124,25,1,3,'6001237012322018-11-01T16:28:38.629','Ps red crtn200','336.10','2017-01-22T07:48:17.727','deleted'),(125,25,1,3,'6001237010322018-11-01T16:28:41.750','Ps hrd Cortn 200','336.50','2017-01-22T07:49:56.469','deleted'),(126,25,1,3,'6009660560032018-11-01T16:28:44.417','Voyager gld cartn200','168.00','2017-01-22T07:51:34.104','deleted'),(128,25,1,3,'6001060360322018-11-01T16:28:50.642','Kent Wht 200','336.50','2017-01-22T07:53:56.969','deleted'),(131,25,2,2,'1222018-11-01T16:29:52.106','1hr','20.00','2017-01-22T09:34:01.005','deleted'),(133,25,1,3,'1232018-11-01T16:29:16.475','Loose Cigarette','2.50','2017-02-11T09:39:00.012','deleted'),(134,25,1,3,'5449000143862018-11-01T16:29:19.720','Iron Brew 500Lt','11.00','2017-02-11T09:41:41.887','deleted'),(135,25,1,3,'544914722018-11-01T16:29:22.918','Coca-Cola 500Lt','11.00','2017-02-11T09:43:00.189','deleted'),(136,25,1,3,'6009691358802018-11-01T16:29:26.662','REboost 500Lt','8.00','2017-02-11T09:45:34.951','deleted'),(137,25,1,2,'5449000180912018-11-01T16:29:30.515','Stoney 1.5Lt','13.00','2017-02-11T09:49:29.544','deleted'),(138,25,1,3,'5449000000432018-11-01T16:29:33.417','Coca-Cola 1.5Lt','13.00','2017-02-11T09:51:49.545','deleted'),(139,25,1,3,'1242018-11-01T16:29:37.005','Voyager Loose','1.00','2017-02-11T10:00:51.949','deleted'),(140,25,2,2,'125','Email Creation','20.00','2017-02-11T10:07:28.847','active'),(141,25,2,2,'126','Online Application','100.00','2017-02-11T10:08:10.783','active'),(142,25,2,2,'127','CAO Application','100.00','2017-02-11T10:09:09.055','active'),(143,25,2,2,'128','Luritz Sams ','100.00','2017-02-11T10:10:22.537','active'),(144,25,1,2,'6001237015822018-11-01T16:31:19.279','PS Blue 20s ','36.00','2017-02-11T10:13:06.555','deleted'),(145,25,1,2,'129','Rubber','4.50','2017-02-11T10:14:57.041','active'),(147,25,1,3,'6001060177812018-11-01T16:31:23.319','Coughtly 10s','20.00','2017-02-28T09:33:42.554','deleted'),(148,25,1,3,'6009690380022018-11-01T16:31:27.313','OASIS STILL WATER 1.5','10.00','2017-05-10T13:27:01.093','deleted'),(149,25,1,3,'408227472018-11-01T16:31:31.275','Lemontwist 500ml','11.00','2017-05-10T13:28:46.616','deleted'),(150,25,1,3,'544905292018-11-01T16:31:33.958','SPRITE 500ML','11.00','2017-05-10T13:29:55.486','deleted'),(151,25,1,3,'871268152018-11-01T16:31:37.936','FANTA-GRAPE 500ML','11.00','2017-05-10T13:31:14.944','deleted'),(152,25,1,3,'871263962018-11-01T16:31:42.413','FANTA-ORAG 500LM','11.00','2017-05-10T13:32:46.699','deleted'),(153,25,1,3,'6910621325872018-11-01T16:31:46.407','Super Glue','3.00','2017-05-10T13:35:28.904','deleted'),(154,25,1,3,'6009660562242018-11-01T16:31:49.387','RG','10.00','2017-05-10T13:38:34.370','deleted'),(155,25,1,3,'1302018-11-01T16:31:53.521','RG & YES LOOSE','0.50','2017-05-10T13:49:01.441','deleted'),(156,25,2,2,'131','BLUE COPIES ','3.00','2017-05-10T13:52:18.873','active'),(157,25,2,2,'132','FAX RECIEVING','3.00','2017-05-10T13:52:52.960','active'),(158,25,1,3,'133','Plastic File','2.00','2017-05-26T09:43:44.926','active'),(159,25,1,3,'6009608642282018-11-01T16:34:25.153','sharpner (metal)','6.00','2017-06-12T08:53:51.021','deleted'),(162,25,1,3,'6009635844092018-11-01T16:34:42.500','edo clear ruler','3.50','2017-06-12T08:57:34.378','deleted'),(163,25,1,2,'6001539136102018-11-01T16:34:47.196','bic color ruler','3.50','2017-06-12T09:01:02.576','deleted'),(164,25,2,5,'134','Bindding 20pgs','20.00','2017-06-12T09:04:07.796','active'),(165,25,1,3,'5449000664722018-11-01T16:35:42.966','440ml fanta','10.00','2017-12-19T08:41:33.587','deleted'),(166,25,1,3,'5449000664682018-11-01T16:35:46.944','440ml coca cola','10.00','2017-12-19T08:43:18.137','deleted'),(167,25,1,3,'6009900238812018-11-01T16:35:50.625','Mofaya energy drink','10.00','2017-12-19T08:45:30.447','deleted'),(168,25,1,3,'6009690380032018-11-01T16:35:53.730','Oasis 500ml still water','6.00','2017-12-19T08:47:50.137','deleted'),(169,25,1,3,'5449000664742018-11-01T16:35:56.741','440ml fanta pineapple','10.00','2017-12-19T09:56:00.776','deleted'),(170,25,1,3,'5449000664802018-11-01T16:36:00.017','440ml stoney','10.00','2017-12-19T09:56:51.705','deleted'),(171,25,2,2,'333','eFilling','50.00','2017-12-20T10:58:59.895','active'),(172,25,1,3,'16009685852745','Small Envelope','1.00','2017-12-20T11:06:48.216','active'),(176,25,1,2,'3342018-11-01T16:39:18.262','30 Mins','8.00','2018-09-05T07:42:24.350','deleted'),(177,25,2,2,'3362018-11-01T16:39:24.517','color discounted','5.00','2018-09-05T07:49:46.393','deleted'),(178,25,2,2,'3372018-11-01T16:39:29.369','Printouts Discounted','1.50','2018-09-05T07:50:32.085','deleted'),(179,25,2,2,'3382018-11-01T16:39:38.152','business Card Printout','20.00','2018-09-05T07:53:37.819','deleted'),(180,25,2,2,'340','POSTERS,CALENDARS','100.00','2018-09-05T07:55:31.668','active'),(181,25,2,2,'341','Invitation cards','50.00','2018-09-05T07:56:10.964','active'),(182,25,2,2,'342','computer installation','300.00','2018-09-05T07:58:10.710','active'),(183,25,2,2,'349','Ck Registration','500.00','2018-09-06T11:14:41.328','active'),(185,25,2,2,'1000','Busines Card Print','2.00','2018-11-01T16:01:23.279','active'),(186,25,2,2,'1001','Phone apps installation','20.00','2018-11-01T16:43:04.587','active'),(187,25,2,3,'1003','Drivers Licence Booking','50.00','2018-11-07T13:10:29.654','active'),(188,25,2,3,'1004','App Updates','40.00','2018-11-07T13:11:47.981','active'),(189,25,2,2,'1005','Phone OS update','110.00','2018-11-07T13:12:45.078','active'),(190,25,2,3,'1006','Cv Cover Page','7.00','2018-11-07T13:14:24.278','active'),(191,25,2,2,'1007','Id Photos','30.00','2018-11-07T13:15:22.919','active'),(192,25,2,2,'1008','Photo Print','5.00','2018-11-07T13:15:46.911','active'),(194,25,1,2,'1030','Hard Paper A3','7.00','2018-12-08T17:02:45.615','active'),(195,25,2,5,'1031','Lamination A3','14.00','2018-12-08T17:04:09.138','active'),(196,25,2,2,'1032','School Registration','30.00','2018-12-08T17:06:44.187','active'),(197,25,1,2,'2021','Photo A4','15.00','2019-03-06T08:59:22.132','active');

DROP TABLE IF EXISTS `itemtype`;

CREATE TABLE `itemtype` (
  `id` int(11) unsigned NOT NULL ,
  `description` varchar(255) NOT NULL DEFAULT '',) ENGINE=InnoDB ;

INSERT INTO `itemtype` VALUES (1,'stock'),(2,'service');

DROP TABLE IF EXISTS `measuringunit`;

CREATE TABLE `measuringunit` (
  `id` int(11) unsigned NOT NULL ,
  `name` varchar(50) NOT NULL DEFAULT '') ENGINE=InnoDB ;



ALTER TABLE categories MODIFY `id` int(11) unsigned NOT NULL AUTO_INCREMENT , AUTO_INCREMENT=22;
ALTER TABLE categories ADD PRIMARY KEY (`id`);
ALTER TABLE categories ADD UNIQUE KEY `name` (`name`);
ALTER TABLE categoryitems MODIFY `id` int(11) unsigned NOT NULL AUTO_INCREMENT , AUTO_INCREMENT=1992;
ALTER TABLE categoryitems ADD PRIMARY KEY (`id`);
ALTER TABLE costpricehistory MODIFY `id` int(11) unsigned NOT NULL AUTO_INCREMENT , AUTO_INCREMENT=166;
ALTER TABLE costpricehistory ADD PRIMARY KEY (`id`);
ALTER TABLE debtpayments MODIFY `id` int(11) unsigned NOT NULL AUTO_INCREMENT , AUTO_INCREMENT=51;
ALTER TABLE debtpayments ADD PRIMARY KEY (`id`);
ALTER TABLE debtpayments ADD KEY `orderId` (`userAccountId`);
ALTER TABLE debtpayments ADD KEY `shifId` (`shiftId`);
ALTER TABLE debtpayments ADD CONSTRAINT `debtpayments_ibfk_2` FOREIGN KEY (`shiftId`) REFERENCES `shifts` (`id`);
ALTER TABLE debtpayments ADD CONSTRAINT `debtpayments_ibfk_3` FOREIGN KEY (`userAccountId`) REFERENCES `useraccounts` (`id`);
ALTER TABLE employeeaccounts MODIFY `id` int(11) unsigned NOT NULL AUTO_INCREMENT , AUTO_INCREMENT=2;
ALTER TABLE employeeaccounts ADD PRIMARY KEY (`id`);
ALTER TABLE employeeaccounts ADD KEY `userAccountId` (`userAccountId`);
ALTER TABLE employeeaccounts ADD CONSTRAINT `employeeaccounts_ibfk_1` FOREIGN KEY (`userAccountId`) REFERENCES `useraccounts` (`id`);
ALTER TABLE items MODIFY `id` int(11) unsigned NOT NULL AUTO_INCREMENT , AUTO_INCREMENT=198;
ALTER TABLE items ADD PRIMARY KEY (`id`);
ALTER TABLE items ADD UNIQUE KEY `bar_code` (`barCode`);
ALTER TABLE itemtype MODIFY `id` int(11) unsigned NOT NULL AUTO_INCREMENT , AUTO_INCREMENT=3;
ALTER TABLE itemtype ADD PRIMARY KEY (`id`);
ALTER TABLE measuringunit MODIFY `id` int(11) unsigned NOT NULL AUTO_INCREMENT , AUTO_INCREMENT=6;
ALTER TABLE measuringunit ADD PRIMARY KEY (`id`);
ALTER TABLE measuringunit ADD UNIQUE KEY `name` (`name`);

----------------------------------------------------------------------------------------------------
